Sample site,Location-N,Location-E,Altitude (m),Mean annual precipitation (mm),Vegetation type,Collected species,N2-fixing,Mycorrhizal types*,_13C (ä),_15N (ä),
"Sanchaxiang, Shanxi",35¡36«N,112¡42«E,1100,584.6,Shrubs,Ziziphus jujuba var.spinosa (Bunge)Hu,No,AM,-28.47,0.81,
"Sanchaxiang, Shanxi",35¡36«N,112¡42«E,1100,584.6,Shrubs,Artemisia vulgaris L.,No,AM,-28.7,-1.5,
"humenggou, Shanxi",35¡37«N,112¡50«E,1056,582.4,Shrubs,Artemisia annua L.,No,AM,-29.61,-0.17,
"humenggou, Shanxi",35¡37«N,112¡50«E,1056,582.4,Shrubs,Artemisia vulgaris L.,No,AM,-28.51,-1.51,
"humenggou, Shanxi",35¡37«N,112¡50«E,1056,582.4,Shrubs,Caragana microphylla Laxm.,Yes,AM,-28.45,0.91,
"Heshui, Shanxi",35¡57«N,113¡04«E,1100,562.7,Shrubs,Artemisia annua L.,No,AM,-28.73,0.92,
"Heshui, Shanxi",35¡57«N,113¡04«E,1100,562.7,Shrubs,Artemisia vulgaris L. ,No,AM,-28.15,1.12,
"Heshui, Shanxi",35¡57«N,113¡04«E,1100,562.7,Shrubs,Bothriochloa ischaemum (L.) Keng,No,AM,-14.65,4.32,
"Heshui, Shanxi",35¡57«N,113¡04«E,1100,562.7,Shrubs,Achnatherum splendens(Trin.) Nevski,No,AM,-15.3,4.8,
"Taibai, Shanxi",36¡07«N,113¡42«E,1090,556.9,Shrubs,Caragana microphylla Laxm.,Yes,AM,-28.5,1.07,
"Taibai, Shanxi",36¡07«N,113¡42«E,1090,556.9,Shrubs,Artemisia vulgaris L.,No,AM,-28.8,0.91,
"Ziwuling, Shanxi",36¡05«N,113¡21«E,1320,552.7,Forest,Pinus tabulaeformis Carr.,No,Ecto,-30.04,-2.32,
"Jiyizhen, Shaanxi",36¡50«N,110¡28«E,631,531.9,Shrubs,Artemisia annua L.,No,AM,-30.1,-2.66,
"Jiyizhen, Shaanxi",36¡50«N,110¡28«E,631,531.9,Shrubs,Ziziphus jujuba var.spinosa (Bunge)Hu,No,AM,-27.97,1.66,
"Jiyizhen, Shaanxi",36¡50«N,110¡28«E,631,531.9,Shrubs,Setaria viridis (L.) Beauv.,No,AM,-14.29,-3.21,
"Xiahuaxiang, Shaanxi",36¡48«N,110¡36«E,794,523.9,Shrubs,Artemisia annua L.,No,AM,-28.12,-1.14,
"Xiahuaxiang, Shaanxi",36¡48«N,110¡36«E,794,523.9,Shrubs,Ziziphus jujuba var.spinosa (Bunge)Hu,No,AM,-29.77,0.91,
"Xuecunzheng, Shanxi",37¡25«N,110¡46«E,828,481,Grassland,Artemisia roxburghiana Bess. ,No,AM,-27.76,-1.9,
"Xuecunzheng, Shanxi",37¡25«N,110¡46«E,828,481,Grassland,Artemisia vulgaris L.,No,AM,-28.3,-2.48,
"Suide, Shaanxi",37¡30«N,110¡34«E,1100,456,Shrubs,Artemisia annua L.,No,AM,-28.23,2.29,
"Suide, Shaanxi",37¡30«N,110¡34«E,1100,456,Shrubs,Caragana microphylla Laxm.,Yes,AM,-26.29,2.64,
"Suide, Shaanxi",37¡30«N,110¡34«E,1100,456,Shrubs,Ziziphus jujuba var.spinosa (Bunge)Hu,No,AM,-24.39,-2.78,
"Suide, Shaanxi",37¡30«N,110¡34«E,1100,456,Shrubs,Chloris virgata Swartz,No,AM,-13.59,2.27,
"Yizhou, Shanxi",38¡25«N,112¡34«E,900,445.1,Shrubs,Artemisia annua L.,No,AM,-27.7,-4.37,
"Yizhou, Shanxi",38¡25«N,112¡34«E,900,445.1,Shrubs,Ziziphus jujuba var.spinosa (Bunge)Hu,No,AM,-27.73,-2.97,
"Yizhou, Shanxi",38¡25«N,112¡34«E,900,445.1,Shrubs,Artemisia roxburghiana Bess.,No,AM,-26.97,-2.98,
"Yizhou, Shanxi",38¡25«N,112¡34«E,900,445.1,Shrubs,Setaria viridis (L.) Beauv.,No,AM,-13.98,1.81,
"Yizhou, Shanxi",38¡25«N,112¡34«E,900,445.1,Shrubs,Achnatherum splendens(Trin.) Nevski,No,AM,-14.52,2.22,
"Yangqu, Shanxi",38¡13«N,112¡45«E,1060,439.9,Shrubs,Artemisia roxburghiana Bess.,No,AM,-25.53,-1.17,
"Yangqu, Shanxi",38¡13«N,112¡45«E,1060,439.9,Shrubs,Ziziphus jujuba var.spinosa (Bunge)Hu,No,AM,-26.78,-1.9,
"Yangqu, Shanxi",38¡13«N,112¡45«E,1060,439.9,Shrubs,Elymus dahuricus Turcz.,No,AM,-26.39,-2.78,
"Yangqu, Shanxi",38¡13«N,112¡45«E,1060,439.9,Shrubs,Bothriochloa ischaemum (L.) Keng,No,AM,-13.7,5.7,
"Wangshixiang, Shanxi",38¡11«N,112¡29«E,1350,436.2,Shrubs,Artemisia anethoides Mattf.,No,AM,-27.12,-3.07,
"Wangshixiang, Shanxi",38¡11«N,112¡29«E,1350,436.2,Shrubs,Roegntria nutans (Keng) Keng,No,AM,-27.59,-2.91,
"Wangshixiang, Shanxi",38¡11«N,112¡29«E,1350,436.2,Shrubs,Elymus dahuricus Turcz.,No,AM,-27.07,-0.97,
"Wangshixiang, Shanxi",38¡11«N,112¡29«E,1350,436.2,Shrubs,Artemisia tournefortiana Reichb.,No,AM,-27.62,-3.83,
"Changhan, Shaanxi",38¡23«N,109¡38«E,1150,398.2,dune vegetation,Hedysarum mongolicum Turcz.,Yes,AM,-27.15,-3.11,
"Changhan, Shaanxi",38¡23«N,109¡38«E,1150,398.2,dune vegetation,Salix psammophila C.Y.Wang et Ch.Y. Yang,No,AM,-24.88,-5.13,
"Changhan, Shaanxi",38¡23«N,109¡38«E,1150,398.2,dune vegetation,Elymus dahuricus Turcz.,No,AM,-24.9,-1.17,
"Mahezhen, Shaanxi",38¡30«N,109¡27«E,1220,381.8,dune vegetation,Hedysarum mongolicum Turcz.,Yes,AM,-29.35,-3.29,
"Mahezhen, Shaanxi",38¡30«N,109¡27«E,1220,381.8,dune vegetation,Salix psammophila C.Y.Wang et Ch.Y. Yang,No,AM,-26.49,-4.54,
"Mahezhen, Shaanxi",38¡30«N,109¡27«E,1220,381.8,dune vegetation,Salsola ruthenica Iljin.,No,Non,-28.76,-1.62,
"Mahezhen, Shaanxi",38¡30«N,109¡27«E,1220,381.8,dune vegetation,Bassia dasyphylla (Fisch. et C.A.Mey.),No,Non,-29.78,2.33,
"Wushenqi, Neimeng",38¡43«N,109¡09«E,1310,341.9,dune vegetation,Caragana microphylla Laxm.,Yes,AM,-25.51,3.58,
"Wushenqi, Neimeng",38¡43«N,109¡09«E,1310,341.9,dune vegetation,Agropyron cristatum (L.) Gaertn,No,AM,-26.05,1.9,
"Wushenqi, Neimeng",38¡43«N,109¡09«E,1310,341.9,dune vegetation,Salix psammophila C.Y.Wang et Ch.Y. Yang,No,AM,-28.2,0.95,
"Bayanwenduer, Neimeng",38¡37«N,108¡46«E,1340,333,dune vegetation,Hedysarum mongolicum Turcz.,Yes,AM,-26.95,-1.43,
"Bayanwenduer, Neimeng",38¡37«N,108¡46«E,1340,333,dune vegetation,Agropyron cristatum (L.) Gaertn,No,AM,-27.7,1.36,
"Bayanwenduer, Neimeng",38¡37«N,108¡46«E,1340,333,dune vegetation,Artemisia arenaria DC.,No,AM,-27.9,-1.4,
"Zhanggaiaobao, Neimeng",38¡47«N,108¡32«E,1360,331,dune vegetation,Salix psammophila C.Y.Wang et Ch.Y. Yang,No,AM,-27.66,-2.73,
"Zhanggaiaobao, Neimeng",38¡47«N,108¡32«E,1360,331,dune vegetation,Hedysarum mongolicum Turcz.,Yes,AM,-26.43,1.36,
"Zhanggaiaobao, Neimeng",38¡47«N,108¡32«E,1360,331,dune vegetation,Hedysarum scoparium Fisch. Et Mey.,Yes,AM,-27,1.24,
"Zhanggaiaobao, Neimeng",38¡47«N,108¡32«E,1360,331,dune vegetation,Artemisia arenaria DC.,No,AM,-28,-2.17,
"Sumitu, Neimeng",38¡56«N,108¡15«E,1410,282.9,dune vegetation,Hedysarum mongolicum Turcz.,Yes,AM,-25.72,1.56,
"Sumitu, Neimeng",38¡56«N,108¡15«E,1410,282.9,dune vegetation,Artemisia arenaria DC.,No,AM,-24.72,5.25,
"Sumitu, Neimeng",38¡56«N,108¡15«E,1410,282.9,dune vegetation,Artemisia roxburghiana Bess.,No,AM,-25.48,7.07,
"Etuokeqizhongxuchang, Neimeng",39¡08«N,107¡55«E,1500,270,dune vegetation,Artemisia roxburghiana Bess.,No,AM,-27.58,-0.96,
"Etuokeqizhongxuchang, Neimeng",39¡08«N,107¡55«E,1500,270,dune vegetation,Roegntria nutans (Keng) Keng ,No,AM,-26.64,0.32,
"Etuokeqizhongxuchang, Neimeng",39¡08«N,107¡55«E,1500,270,dune vegetation,Agropyron cristatum (L.) Gaertn,No,AM,-25.94,1.83,
"Etuokeqi, Neimeng",39¡15«N,107¡30«E,1360,207.8,dune vegetation,Hedysarum mongolicum Turcz.,Yes,AM,-25.26,1.42,
"Etuokeqi, Neimeng",39¡15«N,107¡30«E,1360,207.8,dune vegetation,Artemisia roxburghiana Bess.,No,AM,-25.96,0.19,
"Etuokeqi, Neimeng",39¡15«N,107¡30«E,1360,207.8,dune vegetation,Agropyron cristatum (L.) Gaertn,No,AM,-25.88,1.07,
"Etuokeqi, Neimeng",39¡15«N,107¡30«E,1360,207.8,dune vegetation,Sophora alopecuroides L.,Yes,AM,-26.76,-2.34,
"Qipanjingzhen, Neimeng",39¡18«N,107¡08«E,1360,171.4,Desert,Agropyron cristatum (L.) Gaertn ,No,AM,-25.17,3.68,
"Qipanjingzhen, Neimeng",39¡18«N,107¡08«E,1360,171.4,Desert,Roegntria nutans (Keng) Keng,No,AM,-24.67,0.19,
"Qipanjingzhen, Neimeng",39¡18«N,107¡08«E,1360,171.4,Desert,Caragana jubata (Pall.) Poir. Var. recurva Lion.,Yes,Non,-28.59,1.76,
"Jilantai1, Neimeng",39¡19«N,105¡56«E,1350,146.5,Desert,Hedysarum mongolicum Turcz.,Yes,AM,-23.44,3.29,
"Jilantai1, Neimeng",39¡19«N,105¡56«E,1350,146.5,Desert,Hedysarum scoparium Fisch. Et Mey.,Yes,AM,-24.22,0.58,
"Jilantai1, Neimeng",39¡19«N,105¡56«E,1350,146.5,Desert,Zygophyllum gobicum Maxim.,No,Non,-28.63,4.14,
"Jilantai2, Neimeng",39¡22«N,105¡42«E,1150,143.9,Desert,Nitraria sibirica Pall.,No,AM,-25.99,7.02,
"Jilantai2, Neimeng",39¡22«N,105¡42«E,1150,143.9,Desert,Peganum harmala L.,No,AM,-26.81,7.67,
"Jilantai3, Neimeng",39¡41«N,105¡43«E,1000,86.5,Desert,Nitraria sibirica Pall.,No,AM,-25.88,6.28,
"Jilantaijinsanjiao, Neimeng",39¡30«N,105¡36«E,1070,113.2,Desert,Nitraria sibirica Pall.,No,AM,-25.02,10.71,
"Jilantaijinsanjiao, Neimeng",39¡30«N,105¡36«E,1070,113.2,Desert,Zygophyllum gobicum Maxim.,Yes,AM,-26.72,1.83,
"Jilantaibangbugetata, Neimeng",39¡35«N,105¡17«E,1230,115.9,Desert,Nitraria sibirica Pall.,No,AM,-28.27,8.54,
"Jilantaibangbugetata, Neimeng",39¡35«N,105¡17«E,1230,115.9,Desert,Reaumuria soongorica (Pall.) Maxim.,No,AM,-25.58,1.83,
"Jilantaibangbugetata, Neimeng",39¡35«N,105¡17«E,1230,115.9,Desert,Peganum harmala L.,No,AM,-25.92,6.83,
"Suhaitu1, Neimeng",39¡47«N,105¡04«E,1440,112,Desert,Salsola passerina Bge. ,No,Non,-13.69,6.05,
"Suhaitu1, Neimeng",39¡47«N,105¡04«E,1440,112,Desert,Reaumuria soongorica (Pall.) Maxim.,No,AM,-26.72,3.15,
"Suhaitu1, Neimeng",39¡47«N,105¡04«E,1440,112,Desert,Peganum harmala L.,No,AM,-25.02,10.17,
"Suhaitu1, Neimeng",39¡47«N,105¡04«E,1440,112,Desert,Lycium ruthenicum Murr.,No,AM,-26.17,3.15,
"Suhaitu2, Neimeng",39¡58«N,104¡54«E,1580,110.2,Desert,Lycium ruthenicum Murr.,No,AM,-26.17,4.56,
"Suhaitu2, Neimeng",39¡58«N,104¡54«E,1580,110.2,Desert,Peganum harmala L.,No,AM,-26.72,3.15,
"Suhaitu2, Neimeng",39¡58«N,104¡54«E,1580,110.2,Desert,Salsola passerina Bge.,No,Non,-13.69,6.05,
"Suhaitu2, Neimeng",39¡58«N,104¡54«E,1580,110.2,Desert,Calligonum mongolicum Trucz.,No,,-14.32,1.01,
"Suhaitu2, Neimeng",39¡58«N,104¡54«E,1580,110.2,Desert,Reaumuria soongorica (Pall.) Maxim.,No,AM,-26.34,1.62,
"Suhaitu3, Neimeng",40¡05«N,104¡53«E,1390,108.1,Desert,Reaumuria soongorica (Pall.) Maxim.,No,AM,-26.83,1.06,
"Suhaitu3, Neimeng",40¡05«N,104¡53«E,1390,108.1,Desert,Nitraria sibirica Pall.,No,AM,-28.37,5.21,
"Suhaitu3, Neimeng",40¡05«N,104¡53«E,1390,108.1,Desert,Agropyron cristatum (L.) Gaertn,No,AM,-26,4.98,
"Suhaitu3, Neimeng",40¡05«N,104¡53«E,1390,108.1,Desert,Ephedra przewalskii Stapf.,No,Non,-25.17,5.48,
"Sudier, Neimeng",40¡21«N,104¡45«E,1280,100.5,Desert,Nitraria sibirica Pall.,No,AM,-26.96,9.86,
"Sudier, Neimeng",40¡21«N,104¡45«E,1280,100.5,Desert,Ephedra przewalskii Stapf.,No,Non,-26.8,4.6,
"WulijiEast, Neimeng",40¡30«N,104¡39«E,1290,97.3,Desert,Nitraria sibirica Pall.,No,AM,-26.12,1.69,
"WulijiEast, Neimeng",40¡30«N,104¡39«E,1290,97.3,Desert,Lycium ruthenicum Murr.,No,AM,-26.94,9.99,
"Wuliji, Neimeng",40¡52«N,104¡27«E,1480,94.3,Desert,Lycium ruthenicum Murr.,No,AM,-24.76,2.01,
"Wuliji, Neimeng",40¡52«N,104¡27«E,1480,94.3,Desert,Agropyron cristatum (L.) Gaertn,No,AM,-27.44,3.47,
"Suhongtu, Neimeng",41¡09«N,104¡14«E,933,90.8,Desert,Salsola passerina Bge.,No,Non,-14.41,2.89,
"Suhongtu, Neimeng",41¡09«N,104¡14«E,933,90.8,Desert,Nitraria sibirica Pall.,No,AM,-26.08,2.92,
"Suhongtu, Neimeng",41¡09«N,104¡14«E,933,90.8,Desert,Reaumuria soongorica (Pall.) Maxim.,No,AM,-27.08,1.39,
"Suhongtu, Neimeng",41¡09«N,104¡14«E,933,90.8,Desert,Halostachys caspica (M. Bieb.) C.A.Mey,No,Non,-13.91,6.09,
"SuhongtuNorth, Neimeng",41¡18«N,103¡53«E,848,75,Desert,Nitraria sibirica Pall.,No,AM,-24.67,4.54,
"SuhongtuNorth, Neimeng",41¡18«N,103¡53«E,848,75,Desert,Reaumuria soongorica (Pall.) Maxim.,No,AM,-25.42,2.08,
"Delige, Neimeng",41¡29«N,103¡28«E,905,54.2,Desert,Nitraria sibirica Pall.,No,AM,-24.61,2.72,
"Delige, Neimeng",41¡29«N,103¡28«E,905,54.2,Desert,Reaumuria soongorica (Pall.) Maxim.,No,AM,-26.81,3.7,
"Delige, Neimeng",41¡29«N,103¡28«E,905,54.2,Desert,Agropyron cristatum (L.) Gaertn,No,AM,-27.81,0.37,
"YaganWest, Neimeng",42¡54«N,102¡43«E,1080,40,Desert,Reaumuria soongorica (Pall.) Maxim.,No,AM,-25.89,1.07,
"YaganWest, Neimeng",42¡54«N,102¡43«E,1080,40,Desert,Salsola passerina Bge.,No,Non,-12.22,5.74,
"Huhetuolegai, Neimeng",41¡57«N,102¡16«E,1114,29.6,Desert,Reaumuria soongorica (Pall.) Maxim,No,AM,-27.02,1.42,
"Huhetuolegai, Neimeng",41¡57«N,102¡16«E,1114,29.6,Desert,Ephedra przewalskii Stapf..,No,Non,-25.46,4.45,
"Wulanailigen, Neimeng",42¡00«N,101¡44«E,930,33.9,Desert,Reaumuria soongorica (Pall.) Maxim.,No,AM,-26.37,4.95,
"Ejinaqi1, Neimeng",41¡57«N,100¡55«E,948,37.3,Desert,Ephedra przewalskii Stapf.,No,Non,-25.57,2.03,
"Ejinaqi1, Neimeng",41¡57«N,100¡55«E,948,37.3,Desert,Salsola collina Pall.,No,Non,-12.05,5.86,
"Ejinaqi1, Neimeng",41¡57«N,100¡55«E,948,37.3,Desert,Calligonum mongolicum Trucz.,No,AM,-13.82,5.33,
"Ejinaqi1, Neimeng",41¡57«N,100¡55«E,948,37.3,Desert,Halostachys caspica (M. Bieb.) C.A.Mey,No,Non,-12.97,12.36,
"Ejinaqi2, Neimeng",41¡49«N,100¡33«E,978,31.8,Desert,Reaumuria soongorica (Pall.) Maxim.,No,AM,-27.21,1.54,
"Ejinaqi2, Neimeng",41¡49«N,100¡33«E,978,31.8,Desert,Nitraria sibirica Pall.,No,AM,-20.9,5.88,
"Ejinaqi2, Neimeng",41¡49«N,100¡33«E,978,31.8,Desert,Ephedra przewalskii Stapf.,No,Non,-25.89,1.07,
"Ejinaqi2, Neimeng",41¡49«N,100¡33«E,978,31.8,Desert,Artemisia arenaria DC.,No,AM,-26.45,2.64,
"Ejinaqi3, Neimeng",41¡47«N,100¡24«E,945,28.7,Desert,Tamarix ramosissima Ledeb.,No,AM,-25.57,2.79,
"Ejinaqi3, Neimeng",41¡47«N,100¡24«E,945,28.7,Desert,Ephedra przewalskii Stapf.,No,Non,-22.13,3.17,
"Ejinaqi3, Neimeng",41¡47«N,100¡24«E,945,28.7,Desert,Hedysarum mongolicum Turcz.,Yes,AM,-25.06,1.76,
"Ejinaqi3, Neimeng",41¡47«N,100¡24«E,945,28.7,Desert,Kalidium cuspidatum (Ung.-Sternb.) Grub.,No,Non,-25.55,1.67,
"Ejinaqi4, Neimeng",41¡44«N,100¡07«E,973,23.7,Desert,Ephedra przewalskii Stapf.,No,Non,-23.8,1.5,
"Ejinaqi5, Neimeng",41¡36«N,99¡53«E,1010,25.8,Desert,Reaumuria soongorica (Pall.) Maxim.,No,AM,-23.92,1.59,
"Ejinaqi5, Neimeng",41¡36«N,99¡53«E,1010,25.8,Desert,Haloxylon ammodendron (C.A.Mey.) Bge.,No,Non,-11.55,4.43,
"Ejinaqi6, Neimeng",41¡26«N,99¡43«E,1080,33.4,Desert,Reaumuria soongorica (Pall.) Maxim.,No,AM,-22.06,1.96,
"Ejinaqi7, Neimeng",41¡14«N,99¡27«E,1370,45.9,Desert,Hedysarum mongolicum Turcz.,Yes,AM,-22.84,4.01,
"Ejinaqi7, Neimeng",41¡14«N,99¡27«E,1370,45.9,Desert,Nitraria sibirica Pall.,No,AM,-25.21,3.27,
"Ejinaqi7, Neimeng",41¡14«N,99¡27«E,1370,45.9,Desert,Ephedra przewalskii Stapf.,No,Non,-25.9,2.67,
"Ejinaqi7, Neimeng",41¡14«N,99¡27«E,1370,45.9,Desert,Calligonum mongolicum Turcz.,No,AM,-13.31,3.12,
"Ejinaqi8, Neimeng",40¡59«N,99¡25«E,1300,53,Desert,Reaumuria soongorica (Pall.) Maxim.,No,AM,-25.26,1.26,
"Ejinaqi8, Neimeng",40¡59«N,99¡25«E,1300,53,Desert,Nitraria sibirica Pall.,No,AM,-25.59,6.14,
"Ejinaqi8, Neimeng",40¡59«N,99¡25«E,1300,53,Desert,Ephedra przewalskii Stapf.,No,Non,-23.69,2.45,
"Ejinaqi8, Neimeng",40¡59«N,99¡25«E,1300,53,Desert,Calligonum mongolicum Turcz.,No,AM,-13.75,6.12,
"Gedaxiang, Neimeng",40¡45«N,100¡24«E,1400,58.6,Desert,Reaumuria soongorica (Pall.) Maxim.,No,AM,-25.58,0.18,
"Gedaxiang, Neimeng",40¡45«N,100¡24«E,1400,58.6,Desert,Nitraria sibirica Pall.,No,AM,-26.48,5.87,
"Gedaxiang, Neimeng",40¡45«N,100¡24«E,1400,58.6,Desert,Ephedra przewalskii Stapf.,No,Non,-27.01,0.63,
"Shibanquan, Neimeng",40¡32«N,100¡29«E,1320,56.7,Desert,Reaumuria soongorica (Pall.) Maxim.,No,AM,-24.84,1.87,
"Shibanquan, Neimeng",40¡32«N,100¡29«E,1320,56.7,Desert,Nitraria sibirica Pall.,No,AM,-24.82,6.92,
"Shibanquan, Neimeng",40¡32«N,100¡29«E,1320,56.7,Desert,Ephedra przewalskii Stapf.,No,Non,-26.83,1.06,
"Shibanquan, Neimeng",40¡32«N,100¡29«E,1320,56.7,Desert,Hedysarum mongolicum Turcz.,Yes,AM,-25.99,3.73,
"Luogezhuang, Neimeng",39¡55«N,100¡57«E,1390,90.1,Desert,Nitraria sibirica Pall.,No,AM,-23.97,6.7,
"Luogezhuang, Neimeng",39¡55«N,100¡57«E,1390,90.1,Desert,Calligonum mongolicum Turcz.,No,AM,-14.26,1.61,
"Yanchixiang, Neimeng",39¡47«N,101¡13«E,1340,94.6,Saline land,Tamarix ramosissima Ledeb.,No,AM,-27.74,8.68,
"Yanchixiang, Neimeng",39¡47«N,101¡13«E,1340,94.6,Saline land,Kalidium cuspidatum (Ung.-Sternb.) Grub.,No,Non,-26.32,12.96,
"Luochengxiang, Neimeng",39¡43«N,101¡25«E,1320,105.3,Desert,Reaumuria soongorica (Pall.) Maxim.,No,AM,-27.92,3.32,
"Luochengxiang, Neimeng",39¡43«N,101¡25«E,1320,105.3,Desert,Nitraria sibirica Pall.,Yes,AM,-25.99,4.01,
"Luochengxiang, Neimeng",39¡43«N,101¡25«E,1320,105.3,Desert,Ephedra przewalskii Stapf.,No,Non,-25.4,1,
"Shadan, Ningxia",38¡46«N,106¡10«E,1830,194.3,Desert,Hedysarum mongolicum Turcz.,Yes,AM,-24.41,4.63,
"Shadan, Ningxia",38¡46«N,106¡10«E,1830,194.3,Desert,Artemisia arenaria DC.,No,AM,-26.31,1.72,
"Shadan, Ningxia",38¡46«N,106¡10«E,1830,194.3,Desert,Sophora alopecuroides L.,Yes,AM,-26.4,2.66,
"Shadan, Ningxia",38¡46«N,106¡10«E,1830,194.3,Desert,Zygophyllum gobicum Maxim.,No,AM,-24.5,1.71,
"Tufosi, Ningxia",38¡17«N,106¡06«E,1870,205.9,Shrubs,Reaumuria soongorica (Pall.) Maxim.,No,AM,-25.68,-3.94,
"Tufosi, Ningxia",38¡17«N,106¡06«E,1870,205.9,Shrubs,Caragana microphylla Laxm.,Yes,AM,-25.77,-1.67,
"Tufosi, Ningxia",38¡17«N,106¡06«E,1870,205.9,Shrubs,Artemisia arenaria DC.,No,AM,-25.08,-0.47,
"Tufosi, Ningxia",38¡17«N,106¡06«E,1870,205.9,Shrubs,Artemisia anethoides Mattf.,No,AM,-25.82,-0.79,
"Jinchuan, Gansu",38¡41«N,102¡18«E,1420,138.6,Desert,Reaumuria soongorica (Pall.) Maxim.,No,AM,-25.13,0.32,
"Jinchuan, Gansu",38¡41«N,102¡18«E,1420,138.6,Desert,Nitraria sibirica Pall.,No,AM,-26.14,5.25,
"Ayouqi, Neimeng",39¡10«N,101¡44«E,1580,116.6,Desert,Reaumuria soongorica (Pall.) Maxim.,No,AM,-25.51,0.52,
"Ayouqi, Neimeng",39¡10«N,101¡44«E,1580,116.6,Desert,Zygophyllum gobicum Maxim.,No,AM,-23.01,3.7,
"Mingqingcijingzi, Gansu",39¡01«N,101¡59«E,1400,124.5,Desert,Reaumuria soongorica (Pall.) Maxim.,No,AM,-24.13,0.05,
"Mingqingcijingzi, Gansu",39¡01«N,101¡59«E,1400,124.5,Desert,Nitraria sibirica Pall.,No,AM,-25.38,5.86,
"Mingqingtaojiajing, Gansu",38¡57«N,102¡16«E,1340,121.4,Desert,Nitraria sibirica Pall.,No,AM,-26.35,7.17,
"Mingqingtaojiajing, Gansu",38¡57«N,102¡16«E,1340,121.4,Desert,Kalidium cuspidatum (Ung.-Sternb.) Grub.,No,AM,-26.2,3.12,
"Mingqinghongshagang, Gansu",38¡58«N,102¡29«E,1400,107.6,Desert,Reaumuria soongorica (Pall.) Maxim.,No,AM,-26.99,1.01,
"Mingqinghongshagang, Gansu",38¡58«N,102¡29«E,1400,107.6,Desert,Nitraria sibirica Pall.,No,AM,-26.17,4.56,
"Mingqinghongshagang, Gansu",38¡58«N,102¡29«E,1400,107.6,Desert,Salsola collina Pall.,No,Non,-13.05,3.92,
"Mingqinghongguozijing, Gansu",38¡55«N,102¡43«E,1380,106,Desert,Reaumuria soongorica (Pall.) Maxim.,No,AM,-26.59,0.32,
"Mingqinghongguozijing, Gansu",38¡55«N,102¡43«E,1380,106,Desert,Nitraria sibirica Pall.,No,AM,-24.45,3.96,
"Mingqinghongguozijing, Gansu",38¡55«N,102¡43«E,1380,106,Desert,Zygophyllum gobicum Maxim.,No,AM,-26.59,0.32,
"Mingqingxiaojingzi, Gansu",38¡50«N,102¡54«E,1350,105,Desert,Reaumuria soongorica (Pall.) Maxim.,No,AM,-27.72,1.57,
"Mingqingxiaojingzi, Gansu",38¡50«N,102¡54«E,1350,105,Desert,Nitraria sibirica Pall.,No,AM,-27.51,2.89,
"Mingqingxiaojingzi, Gansu",38¡50«N,102¡54«E,1350,105,Desert,Salsola ruthenica Iijin.,No,Non,-26.35,-0.77,
"Mingqingxiaojingzi, Gansu",38¡50«N,102¡54«E,1350,105,Desert,Peganum harmala L.,No,AM,-26.06,5.13,
"Mingqinghongshaliangxiang, Gansu",38¡59«N,103¡30«E,1310,107.5,Desert,Lycium ruthenicum Murr.,No,AM,-27.97,7.22,
"Mingqinghongshaliangxiang, Gansu",38¡59«N,103¡30«E,1310,107.5,Desert,Salsola laricifolia Turcz. Ex Litv.,No,Non,-26.83,6.41,
"Mingqinghongshaliangxiang, Gansu",38¡59«N,103¡30«E,1310,107.5,Desert,Salsola passerina Bge.,No,Non,-14.04,3.1,
"Mingqinghongshaliangxiang, Gansu",38¡59«N,103¡30«E,1310,107.5,Desert,Salsola collina Pall.,No,Non,-14.12,3.94,
"Huanghuatanxiang, Ningxia",37¡38«N,105¡09«E,1340,268.8,Desert,Artemisia annua L.,No,AM,-25.2,-0.23,
"Huanghuatanxiang, Ningxia",37¡38«N,105¡09«E,1340,268.8,Desert,Artemisia roxburghiana Bess.,No,AM,-24.12,3.55,
"Huanghuatanxiang, Ningxia",37¡38«N,105¡09«E,1340,268.8,Desert,Sophora alopecuroides L.,Yes,AM,-25.81,-0.07,
"Huanghuatanxiang, Ningxia",37¡38«N,105¡09«E,1340,268.8,Desert,Halogeton arachnoideus Moq.,No,Non,-23.95,2.98,
"Shuangcao, Ningxia",105¡18«E,37¡05«N,1900,286.3,Desert,Reaumuria soongorica (Pall.) Maxim.,No,AM,-28.48,-0.19,
"Shuangcao, Ningxia",105¡18«E,37¡05«N,1900,286.3,Desert,Nitraria tangutorum Bobr.,No,AM,-25.67,5.33,
"Shuangcao, Ningxia",105¡18«E,37¡05«N,1900,286.3,Desert,Peganum harmala L.,No,AM,-26.48,1.19,
"Shuangcao, Ningxia",105¡18«E,37¡05«N,1900,286.3,Desert,Zygophyllum gobicum Maxim.,No,AM,-28.72,-0.46,
"Shuangcao, Ningxia",105¡18«E,37¡05«N,1900,286.3,Desert,Salsola collina Pall.,No,Non,-13.34,2.57,
"Shuangcao, Ningxia",105¡18«E,37¡05«N,1900,286.3,Desert,Salsola passerina Bge.,No,Non,-14.51,4.84,
"Zhitanxiang, Ningxia",105¡39«E,37¡31«N,1810,254.1,Desert,Reaumuria soongorica (Pall.) Maxim.,No,AM,-29.6,-0.03,
"Zhitanxiang, Ningxia",105¡39«E,37¡31«N,1810,254.1,Desert,Nitraria sibirica Pall.,No,AM,-27.98,2.57,
"Zhitanxiang, Ningxia",105¡39«E,37¡31«N,1810,254.1,Desert,Peganum harmala L.,No,AM,-25.73,4.13,
"Zhitanxiang, Ningxia",105¡39«E,37¡31«N,1810,254.1,Desert,Roegntria nutans (Keng) Keng,No,AM,-25.23,-0.23,